{
  "id": "4275618",
  "name": "tq",
  "font_family": "iconfont",
  "css_prefix_text": "icon-tq-",
  "description": "",
  "glyphs": [
    {
      "icon_id": "37572006",
      "name": "实时告警",
      "font_class": "realAlarm",
      "unicode": "e608",
      "unicode_decimal": 58888
    },
    {
      "icon_id": "37572004",
      "name": "边界设备连接",
      "font_class": "edgeDevice",
      "unicode": "e609",
      "unicode_decimal": 58889
    },
    {
      "icon_id": "37572003",
      "name": "流量实时展示",
      "font_class": "realtimeShow",
      "unicode": "e60a",
      "unicode_decimal": 58890
    },
    {
      "icon_id": "37572002",
      "name": "安全事件",
      "font_class": "safeEvent",
      "unicode": "e60b",
      "unicode_decimal": 58891
    },
    {
      "icon_id": "37572001",
      "name": "历史告警",
      "font_class": "historyAlarm",
      "unicode": "e60c",
      "unicode_decimal": 58892
    },
    {
      "icon_id": "37572007",
      "name": "主机行为异常",
      "font_class": "hostBehavior",
      "unicode": "e606",
      "unicode_decimal": 58886
    },
    {
      "icon_id": "37572005",
      "name": "异常流量关联",
      "font_class": "abnormal",
      "unicode": "e607",
      "unicode_decimal": 58887
    }
  ]
}
