{
  "id": "3460035",
  "name": "GJK",
  "font_family": "iconfont",
  "css_prefix_text": "icon-",
  "description": "",
  "glyphs": [
    {
      "icon_id": "32800641",
      "name": "组 927",
      "font_class": "a-zu927",
      "unicode": "e65c",
      "unicode_decimal": 58972
    },
    {
      "icon_id": "32799816",
      "name": "协议层（2）",
      "font_class": "a-xieyiceng2",
      "unicode": "e65b",
      "unicode_decimal": 58971
    },
    {
      "icon_id": "32797183",
      "name": "加密",
      "font_class": "jiami",
      "unicode": "e647",
      "unicode_decimal": 58951
    },
    {
      "icon_id": "32797185",
      "name": "IPV",
      "font_class": "IPV",
      "unicode": "e65a",
      "unicode_decimal": 58970
    },
    {
      "icon_id": "32797180",
      "name": "应用层",
      "font_class": "yingyongceng",
      "unicode": "e645",
      "unicode_decimal": 58949
    },
    {
      "icon_id": "32797182",
      "name": "总流量",
      "font_class": "zongliuliang",
      "unicode": "e646",
      "unicode_decimal": 58950
    },
    {
      "icon_id": "32470137",
      "name": "直联点项目-分",
      "font_class": "zhiliandianxiangmu-fen",
      "unicode": "e656",
      "unicode_decimal": 58966
    },
    {
      "icon_id": "32470138",
      "name": "直联点项目-天",
      "font_class": "zhiliandianxiangmu-tian",
      "unicode": "e657",
      "unicode_decimal": 58967
    },
    {
      "icon_id": "32470139",
      "name": "直联点项目-时",
      "font_class": "zhiliandianxiangmu-shi",
      "unicode": "e658",
      "unicode_decimal": 58968
    },
    {
      "icon_id": "32468094",
      "name": "地点",
      "font_class": "didian",
      "unicode": "e64e",
      "unicode_decimal": 58958
    },
    {
      "icon_id": "32468095",
      "name": "登录-用户名",
      "font_class": "denglu-yonghuming",
      "unicode": "e64f",
      "unicode_decimal": 58959
    },
    {
      "icon_id": "32468096",
      "name": "登录-密码",
      "font_class": "denglu-mima",
      "unicode": "e650",
      "unicode_decimal": 58960
    },
    {
      "icon_id": "32468097",
      "name": "关闭",
      "font_class": "guanbi",
      "unicode": "e651",
      "unicode_decimal": 58961
    },
    {
      "icon_id": "32468098",
      "name": "全国",
      "font_class": "quanguo",
      "unicode": "e652",
      "unicode_decimal": 58962
    },
    {
      "icon_id": "32468099",
      "name": "关闭窗口",
      "font_class": "guanbichuangkou",
      "unicode": "e653",
      "unicode_decimal": 58963
    },
    {
      "icon_id": "32468100",
      "name": "容器",
      "font_class": "rongqi1",
      "unicode": "e654",
      "unicode_decimal": 58964
    },
    {
      "icon_id": "32468101",
      "name": "时间",
      "font_class": "shijian1",
      "unicode": "e655",
      "unicode_decimal": 58965
    },
    {
      "icon_id": "32415390",
      "name": "时间",
      "font_class": "shijian",
      "unicode": "e648",
      "unicode_decimal": 58952
    },
    {
      "icon_id": "32415391",
      "name": "推出",
      "font_class": "tuichu1",
      "unicode": "e649",
      "unicode_decimal": 58953
    },
    {
      "icon_id": "32415392",
      "name": "激活",
      "font_class": "jihuo",
      "unicode": "e64a",
      "unicode_decimal": 58954
    },
    {
      "icon_id": "32415393",
      "name": "阈值",
      "font_class": "yuzhi",
      "unicode": "e64b",
      "unicode_decimal": 58955
    },
    {
      "icon_id": "32415394",
      "name": "容器",
      "font_class": "rongqi",
      "unicode": "e64c",
      "unicode_decimal": 58956
    },
    {
      "icon_id": "32415395",
      "name": "通知",
      "font_class": "tongzhi",
      "unicode": "e64d",
      "unicode_decimal": 58957
    },
    {
      "icon_id": "31622983",
      "name": "zhyh和qz",
      "font_class": "zhyhheqz",
      "unicode": "e642",
      "unicode_decimal": 58946
    },
    {
      "icon_id": "31622984",
      "name": "数据魔方",
      "font_class": "shujumofang",
      "unicode": "e643",
      "unicode_decimal": 58947
    },
    {
      "icon_id": "31622985",
      "name": "信息倒灌监测",
      "font_class": "xinxidaoguanjiance",
      "unicode": "e644",
      "unicode_decimal": 58948
    },
    {
      "icon_id": "31605577",
      "name": "业务标注",
      "font_class": "yewubiaozhu",
      "unicode": "e640",
      "unicode_decimal": 58944
    },
    {
      "icon_id": "31605578",
      "name": "数据质量评估",
      "font_class": "shujuzhiliangpinggu",
      "unicode": "e641",
      "unicode_decimal": 58945
    },
    {
      "icon_id": "31441682",
      "name": "系统管理",
      "font_class": "xitongguanli",
      "unicode": "e63e",
      "unicode_decimal": 58942
    },
    {
      "icon_id": "31430494",
      "name": "沙漏",
      "font_class": "shalou",
      "unicode": "e63c",
      "unicode_decimal": 58940
    },
    {
      "icon_id": "31401326",
      "name": "组监测3",
      "font_class": "zujiance3",
      "unicode": "e63f",
      "unicode_decimal": 58943
    },
    {
      "icon_id": "31399588",
      "name": "伸缩",
      "font_class": "shensuo",
      "unicode": "e63d",
      "unicode_decimal": 58941
    },
    {
      "icon_id": "31399447",
      "name": "退出",
      "font_class": "tuichu",
      "unicode": "e638",
      "unicode_decimal": 58936
    },
    {
      "icon_id": "31398411",
      "name": "禁用",
      "font_class": "jinyong",
      "unicode": "e62d",
      "unicode_decimal": 58925
    },
    {
      "icon_id": "31398412",
      "name": "统计",
      "font_class": "tongji",
      "unicode": "e62e",
      "unicode_decimal": 58926
    },
    {
      "icon_id": "31398413",
      "name": "编辑",
      "font_class": "bianji",
      "unicode": "e62f",
      "unicode_decimal": 58927
    },
    {
      "icon_id": "31398414",
      "name": "启用",
      "font_class": "qiyong",
      "unicode": "e630",
      "unicode_decimal": 58928
    },
    {
      "icon_id": "31398415",
      "name": "监测",
      "font_class": "jiance",
      "unicode": "e633",
      "unicode_decimal": 58931
    },
    {
      "icon_id": "31398416",
      "name": "删除",
      "font_class": "shanchu",
      "unicode": "e634",
      "unicode_decimal": 58932
    },
    {
      "icon_id": "31398417",
      "name": "智能推荐",
      "font_class": "zhinengtuijian",
      "unicode": "e635",
      "unicode_decimal": 58933
    },
    {
      "icon_id": "31398418",
      "name": "样本",
      "font_class": "yangben",
      "unicode": "e636",
      "unicode_decimal": 58934
    },
    {
      "icon_id": "31398419",
      "name": "信息检索",
      "font_class": "xinxijiansuo",
      "unicode": "e637",
      "unicode_decimal": 58935
    },
    {
      "icon_id": "31398421",
      "name": "查看",
      "font_class": "chakan",
      "unicode": "e639",
      "unicode_decimal": 58937
    },
    {
      "icon_id": "31398422",
      "name": "样例匹配",
      "font_class": "yanglipipei",
      "unicode": "e63b",
      "unicode_decimal": 58939
    },
    {
      "icon_id": "32477",
      "name": "delete",
      "font_class": "delete",
      "unicode": "e6b4",
      "unicode_decimal": 59060
    },
    {
      "icon_id": "4766959",
      "name": "edit",
      "font_class": "edit",
      "unicode": "e7e1",
      "unicode_decimal": 59361
    },
    {
      "icon_id": "782234",
      "name": "统计8",
      "font_class": "tongji8",
      "unicode": "e6d3",
      "unicode_decimal": 59091
    },
    {
      "icon_id": "10199159",
      "name": "查找",
      "font_class": "chazhao",
      "unicode": "e613",
      "unicode_decimal": 58899
    },
    {
      "icon_id": "9928611",
      "name": "reset",
      "font_class": "reset",
      "unicode": "e63a",
      "unicode_decimal": 58938
    },
    {
      "icon_id": "18174855",
      "name": "文件,excel",
      "font_class": "excel",
      "unicode": "ea45",
      "unicode_decimal": 59973
    },
    {
      "icon_id": "8288815",
      "name": "Txt",
      "font_class": "Txt",
      "unicode": "e83d",
      "unicode_decimal": 59453
    },
    {
      "icon_id": "5387942",
      "name": "取消全屏_o",
      "font_class": "quxiaoquanping_o",
      "unicode": "eb98",
      "unicode_decimal": 60312
    },
    {
      "icon_id": "5387948",
      "name": "全屏_o",
      "font_class": "quanping_o",
      "unicode": "eb99",
      "unicode_decimal": 60313
    },
    {
      "icon_id": "5387905",
      "name": "应用APP_o",
      "font_class": "yingyongAPP_o",
      "unicode": "eb88",
      "unicode_decimal": 60296
    },
    {
      "icon_id": "741255",
      "name": "其他",
      "font_class": "other",
      "unicode": "e631",
      "unicode_decimal": 58929
    },
    {
      "icon_id": "1415524",
      "name": "all",
      "font_class": "all1",
      "unicode": "e83c",
      "unicode_decimal": 59452
    },
    {
      "icon_id": "11488226",
      "name": "all-fill",
      "font_class": "all-fill",
      "unicode": "e777",
      "unicode_decimal": 59255
    },
    {
      "icon_id": "22533626",
      "name": "当前定位",
      "font_class": "dangqiandingwei",
      "unicode": "e62a",
      "unicode_decimal": 58922
    },
    {
      "icon_id": "11488001",
      "name": "close",
      "font_class": "close",
      "unicode": "e747",
      "unicode_decimal": 59207
    },
    {
      "icon_id": "11488063",
      "name": "left arrow",
      "font_class": "leftarrow",
      "unicode": "e755",
      "unicode_decimal": 59221
    },
    {
      "icon_id": "11488115",
      "name": "Right arrow",
      "font_class": "Rightarrow",
      "unicode": "e761",
      "unicode_decimal": 59233
    },
    {
      "icon_id": "23602164",
      "name": "刷新",
      "font_class": "icon-ys-refresh",
      "unicode": "e617",
      "unicode_decimal": 58903
    },
    {
      "icon_id": "23602168",
      "name": "向下",
      "font_class": "icon-ys-xiala",
      "unicode": "e619",
      "unicode_decimal": 58905
    },
    {
      "icon_id": "1350461",
      "name": "sq-home",
      "font_class": "icons-",
      "unicode": "e666",
      "unicode_decimal": 58982
    },
    {
      "icon_id": "26134611",
      "name": "关机",
      "font_class": "CZ_038",
      "unicode": "e629",
      "unicode_decimal": 58921
    },
    {
      "icon_id": "691066",
      "name": "手机终端信息查询",
      "font_class": "shoujizhongduanxinxichaxun",
      "unicode": "e627",
      "unicode_decimal": 58919
    },
    {
      "icon_id": "1305097",
      "name": "IP",
      "font_class": "IP",
      "unicode": "e632",
      "unicode_decimal": 58930
    },
    {
      "icon_id": "4237374",
      "name": "地域",
      "font_class": "diyu",
      "unicode": "e62c",
      "unicode_decimal": 58924
    },
    {
      "icon_id": "23722457",
      "name": "数据库加密",
      "font_class": "shujukujiami-01",
      "unicode": "e607",
      "unicode_decimal": 58887
    },
    {
      "icon_id": "1727451",
      "name": "219上传、导出",
      "font_class": "shangchuandaochu",
      "unicode": "e8c6",
      "unicode_decimal": 59590
    },
    {
      "icon_id": "23600462",
      "name": "收起",
      "font_class": "icon-ys-toggleDown",
      "unicode": "e611",
      "unicode_decimal": 58897
    },
    {
      "icon_id": "979200",
      "name": "detail",
      "font_class": "detail",
      "unicode": "e604",
      "unicode_decimal": 58884
    },
    {
      "icon_id": "23600478",
      "name": "展开",
      "font_class": "icon-ys-toggleUp",
      "unicode": "e612",
      "unicode_decimal": 58898
    },
    {
      "icon_id": "11474219",
      "name": "all",
      "font_class": "all",
      "unicode": "e6ef",
      "unicode_decimal": 59119
    },
    {
      "icon_id": "12011697",
      "name": "search",
      "font_class": "search",
      "unicode": "e7b3",
      "unicode_decimal": 59315
    },
    {
      "icon_id": "13087834",
      "name": "上传",
      "font_class": "shangchuan",
      "unicode": "e7c4",
      "unicode_decimal": 59332
    }
  ]
}
